id;ci;first_name;last_name;gender;birthdate;address;phone;responsable
1;6989918;juan;mamani apaza;masculino;1995-06-06;zona kiswaras;2896654;juan@hotmail.com
2;6989918;juan;mamani apaza;masculino;1995-06-06;zona kiswaras;2896654;juan@hotmail.com
3;6989918;juan;mamani apaza;masculino;1995-06-06;zona kiswaras;2896654;juan@hotmail.com
4;6989918;juan;mamani apaza;masculino;1995-06-06;zona kiswaras;2896654;juan@hotmail.com
5;6989918;juan;mamani apaza;masculino;1995-06-06;zona kiswaras;2896654;juan@hotmail.com
6;6989918;juan;mamani apaza;masculino;1995-06-06;zona kiswaras;2896654;juan@hotmail.com
7;6989918;juan;mamani apaza;masculino;1995-06-06;zona kiswaras;2896654;juan@hotmail.com
8;6989918;juan;mamani apaza;masculino;1995-06-06;zona kiswaras;2896654;juan@hotmail.com
9;6989918;juan;mamani apaza;masculino;1995-06-06;zona kiswaras;2896654;juan@hotmail.com
10;6989918;juan;maman apaza;masculino;1995-06-06;zona kiswaras;2896654;juan@hotmail.com
11;6989918;juan;mamani apaza;masculino;1995-06-06;zona kiswaras;2896654;juan@hotmail.com
12;6989918;juan;mamani apaza;masculino;1995-06-06;zona kiswaras;2896654;juan@hotmail.com
13;6989918;juan;mamani apaza;masculino;1995-06-06;zona kiswaras;2896654;juan@hotmail.com
14;6989918;juan;mamani apaza;masculino;1995-06-06;zona kiswaras;2896654;juan@hotmail.com
15;6989918;juan;mamani apaza;masculino;1995-06-06;zona kiswaras;2896654;juan@hotmail.com
16;6989918;juan;mamani apaza;masculino;1995-06-06;zona kiswaras;2896654;juan@hotmail.com
17;6989918;juan;mamani apaza;masculino;1995-06-06;zona kiswaras;2896654;juan@hotmail.com
18;6989918;juan;mamani apaza;masculino;1995-06-06;zona kiswaras;2896654;juan@hotmail.com
19;6989918;juan;mamani apaza;masculino;1995-06-06;zona kiswaras;2896654;juan@hotmail.com
20;6989918;juan;mamani apaza;masculino;1995-06-06;zona kiswaras;2896654;juan@hotmail.com
21;6989918;juan;mamani apaza;masculino;1995-06-06;zona kiswaras;2896654;juan@hotmail.com
22;6989918;juan;mamani apaza;masculino;1995-06-06;zona kiswaras;2896654;juan@hotmail.com
23;6989918;juan;mamani apaza;masculino;1995-06-06;zona kiswaras;2896654;juan@hotmail.com
24;6989918;juan;mamani apaza;masculino;1995-06-06;zona kiswaras;2896654;juan@hotmail.com
25;6989918;juan;mamani apaza;masculino;1995-06-06;zona kiswaras;2896654;juan@hotmail.com
26;6989918;juan;mamani apaza;masculino;1995-06-06;zona kiswaras;2896654;juan@hotmail.com
27;6989918;juan;mamani apaza;masculino;1995-06-06;zona kiswaras;2896654;juan@hotmail.com
28;6989918;juan;mamani apaza;masculino;1995-06-06;zona kiswaras;2896654;juan@hotmail.com
29;6989918;juan;mamani apaza;masculino;1995-06-06;zona kiswaras;2896654;juan@hotmail.com
30;6989918;juan;mamani apaza;masculino;1995-06-06;zona kiswaras;2896654;juan@hotmail.com
31;6989918;juan;mamani apaza;masculino;1995-06-06;zona kiswaras;2896654;juan@hotmail.com
32;6989918;juan;mamani apaza;masculino;1995-06-06;zona kiswaras;2896654;juan@hotmail.com
33;6989918;juan;mamani apaza;masculino;1995-06-06;zona kiswaras;2896654;juan@hotmail.com
34;6989918;juan;mamani apaza;masculino;1995-06-06;zona kiswaras;2896654;juan@hotmail.com
35;6989918;juan;mamani apaza;masculino;1995-06-06;zona kiswaras;2896654;juan@hotmail.com
36;6989918;juan;mamani apaza;masculino;1995-06-06;zona kiswaras;2896654;juan@hotmail.com
37;6989918;juan;mamani apaza;masculino;1995-06-06;zona kiswaras;2896654;juan@hotmail.com
38;6989918;juan;mamani apaza;masculino;1995-06-06;zona kiswaras;2896654;juan@hotmail.com
39;6989918;juan;mamani apaza;masculino;1995-06-06;zona kiswaras;2896654;juan@hotmail.com
40;6989918;juan;mamani apaza;masculino;1995-06-06;zona kiswaras;2896654;juan@hotmail.com
41;6989918;juan;mamani apaza;masculino;1995-06-06;zona kiswaras;2896654;juan@hotmail.com
42;6989918;juan;mamani apaza;masculino;1995-06-06;zona kiswaras;2896654;juan@hotmail.com
43;6989918;juan;mamani apaza;masculino;1995-06-06;zona kiswaras;2896654;juan@hotmail.com
44;6989918;juan;mamani apaza;masculino;1995-06-06;zona kiswaras;2896654;juan@hotmail.com
45;6989918;juan;mamani apaza;masculino;1995-06-06;zona kiswaras;2896654;juan@hotmail.com
46;6989918;juan;mamani apaza;masculino;1995-06-06;zona kiswaras;2896654;juan@hotmail.com
47;6989918;juan;mamani apaza;masculino;1995-06-06;zona kiswaras;2896654;juan@hotmail.com
48;6989918;juan;mamani apaza;masculino;1995-06-06;zona kiswaras;2896654;juan@hotmail.com
49;6989918;juan;mamani apaza;masculino;1995-06-06;zona kiswaras;2896654;juan@hotmail.com
50;6989918;juan;mamani apaza;masculino;1995-06-06;zona kiswaras;2896654;juan@hotmail.com
51;6989918;juan;mamani apaza;masculino;1995-06-06;zona kiswaras;2896654;juan@hotmail.com
52;6989918;juan;mamani apaza;masculino;1995-06-06;zona kiswaras;2896654;juan@hotmail.com
53;6989918;juan;mamani apaza;masculino;1995-06-06;zona kiswaras;2896654;juan@hotmail.com
54;6989918;juan;mamani apaza;masculino;1995-06-06;zona kiswaras;2896654;juan@hotmail.com
55;6989918;juan;mamani apaza;masculino;1995-06-06;zona kiswaras;2896654;juan@hotmail.com
56;6989918;juan;mamani apaza;masculino;1995-06-06;zona kiswaras;2896654;juan@hotmail.com
57;6989918;juan;mamani apaza;masculino;1995-06-06;zona kiswaras;2896654;juan@hotmail.com
58;6989918;juan;mamani apaza;masculino;1995-06-06;zona kiswaras;2896654;juan@hotmail.com
59;6989918;juan;mamani apaza;masculino;1995-06-06;zona kiswaras;2896654;juan@hotmail.com
60;6989918;juan;mamani apaza;masculino;1995-06-06;zona kiswaras;2896654;juan@hotmail.com
61;6989918;juan;mamani apaza;masculino;1995-06-06;zona kiswaras;2896654;juan@hotmail.com
62;6989918;juan;mamani apaza;masculino;1995-06-06;zona kiswaras;2896654;juan@hotmail.com
63;6989918;juan;mamani apaza;masculino;1995-06-06;zona kiswaras;2896654;juan@hotmail.com
64;6989918;juan;mamani apaza;masculino;1995-06-06;zona kiswaras;2896654;juan@hotmail.com
65;6989918;juan;mamani apaza;masculino;1995-06-06;zona kiswaras;2896654;juan@hotmail.com
66;6989918;juan;mamani apaza;masculino;1995-06-06;zona kiswaras;2896654;juan@hotmail.com
67;6989918;juan;mamani apaza;masculino;1995-06-06;zona kiswaras;2896654;juan@hotmail.com
68;6989918;juan;mamani apaza;masculino;1995-06-06;zona kiswaras;2896654;juan@hotmail.com
69;6989918;juan;mamani apaza;masculino;1995-06-06;zona kiswaras;2896654;juan@hotmail.com
70;6989918;juan;mamani apaza;masculino;1995-06-06;zona kiswaras;2896654;juan@hotmail.com
71;6989918;juan;mamani apaza;masculino;1995-06-06;zona kiswaras;2896654;juan@hotmail.com
72;6989918;juan;mamani apaza;masculino;1995-06-06;zona kiswaras;2896654;juan@hotmail.com
73;6989918;juan;mamani apaza;masculino;1995-06-06;zona kiswaras;2896654;juan@hotmail.com
74;6989918;juan;mamani apaza;masculino;1995-06-06;zona kiswaras;2896654;juan@hotmail.com
75;6989918;juan;mamani apaza;masculino;1995-06-06;zona kiswaras;2896654;juan@hotmail.com
76;6989918;juan;mamani apaza;masculino;1995-06-06;zona kiswaras;2896654;juan@hotmail.com
77;6989918;juan;mamani apaza;masculino;1995-06-06;zona kiswaras;2896654;juan@hotmail.com
78;6989918;juan;mamani apaza;masculino;1995-06-06;zona kiswaras;2896654;juan@hotmail.com
79;6989918;juan;mamani apaza;masculino;1995-06-06;zona kiswaras;2896654;juan@hotmail.com
80;6989918;juan;mamani apaza;masculino;1995-06-06;zona kiswaras;2896654;juan@hotmail.com
81;6989918;juan;mamani apaza;masculino;1995-06-06;zona kiswaras;2896654;juan@hotmail.com
82;6989918;juan;mamani apaza;masculino;1995-06-06;zona kiswaras;2896654;juan@hotmail.com
83;6989918;juan;mamani apaza;masculino;1995-06-06;zona kiswaras;2896654;juan@hotmail.com
84;6989918;juan;mamani apaza;masculino;1995-06-06;zona kiswaras;2896654;juan@hotmail.com
85;6989918;juan;mamani apaza;masculino;1995-06-06;zona kiswaras;2896654;juan@hotmail.com
86;6989918;juan;mamani apaza;masculino;1995-06-06;zona kiswaras;2896654;juan@hotmail.com
87;6989918;juan;mamani apaza;masculino;1995-06-06;zona kiswaras;2896654;juan@hotmail.com
88;6989918;juan;mamani apaza;masculino;1995-06-06;zona kiswaras;2896654;juan@hotmail.com
89;6989918;juan;mamani apaza;masculino;1995-06-06;zona kiswaras;2896654;juan@hotmail.com
90;6989918;juan;mamani apaza;masculino;1995-06-06;zona kiswaras;2896654;juan@hotmail.com
91;6989918;juan;mamani apaza;masculino;1995-06-06;zona kiswaras;2896654;juan@hotmail.com
92;6989918;juan;mamani apaza;masculino;1995-06-06;zona kiswaras;2896654;juan@hotmail.com
93;6989918;juan;mamani apaza;masculino;1995-06-06;zona kiswaras;2896654;juan@hotmail.com
94;6989918;juan;mamani apaza;masculino;1995-06-06;zona kiswaras;2896654;juan@hotmail.com
95;6989918;juan;mamani apaza;masculino;1995-06-06;zona kiswaras;2896654;juan@hotmail.com
96;6989918;juan;mamani apaza;masculino;1995-06-06;zona kiswaras;2896654;juan@hotmail.com
97;6989918;juan;mamani apaza;masculino;1995-06-06;zona kiswaras;2896654;juan@hotmail.com
98;6989918;juan;mamani apaza;masculino;1995-06-06;zona kiswaras;2896654;juan@hotmail.com
99;6989918;juan;mamani apaza;masculino;1995-06-06;zona kiswaras;2896654;juan@hotmail.com
100;6989918;juan;mamani apaza;masculino;1995-06-06;zona kiswaras;2896654;juan@hotmail.com
